Picea abies;;;;;;
Pinus sylvestris;;;;;;
Abies alba;;;;;;
Fagus sylvatica;;;;;;
Quercus robur;;;;;;
Pinus mugo;;;;;;
Quercus pyrenaica;;;;;;
Pinus pinaster;;;;;;
Pseudotsuga menziesii;;;;;;
Quercus ilex;;;;;;
Abies cephalonica;;;;;;
Castanea sativa;;;;;;
Pinus halepensis;;;;;;
Abies sibirica;;;;;;
Alnus incana;;;;;;
Pinus nigra;;;;;;
Eucalyptus globulus;;;;;;
Acer pseudoplatanus;;;;;;
Fraxinus excelsior;;;;;;
Populus tremula;;;;;;
Acer platanoides;;;;;;
Quercus cerris;;;;;;
Juniperus communis;;;;;;
Carpinus betulus;;;;;;
Pinus pinea;;;;;;
Picea sitchensis;;;;;;
Alnus glutinosa;;;;;;
Sorbus aucuparia;;;;;;
Aesculus hippocastanum;;;;;;
Crataegus monogyna;;;;;;
Alnus alnobetula;;;;;;
Ilex aquifolium;;;;;;
Tilia platyphyllos;;;;;;
Acer campestre;;;;;;
Larix decidua;;;;;;
Sambucus nigra;;;;;;
Corylus avellana;;;;;;
Prunus spinosa;;;;;;
Prunus avium;;;;;;
Frangula alnus;;;;;;
Cornus sanguinea;;;;;;
Juglans regia;;;;;;
Ulmus glabra;;;;;;
Taxus baccata;;;;;;
Robinia pseudoacacia;;;;;;
Salix caprea;;;;;;
Salix alba;;;;;;
Tilia cordata;;;;;;
Quercus faginea;;;;;;
Ulmus minor;;;;;;
Prunus padus;;;;;;
Quercus coccifera;;;;;;
Populus nigra;;;;;;
Pistacia lentiscus;;;;;;
Quercus suber;;;;;;
Euonymus europaeus;;;;;;
Sorbus aria;;;;;;
Laburnum anagyroides;;;;;;
Sorbus torminalis;;;;;;
Populus alba;;;;;;
Olea europaea;;;;;;
Crataegus laevigata;;;;;;
Ailanthus altissima;;;;;;
Quercus pubescens;;;;;;
Juniperus oxycedrus;;;;;;
Fraxinus ornus;;;;;;
Prunus mahaleb;;;;;;
Laurus nobilis;;;;;;
Cornus mas;;;;;;
Prunus cerasifera;;;;;;
Albizia julibrissin;;;;;;
Fraxinus angustifolia;;;;;;
Salix triandra;;;;;;
Ulmus laevis;;;;;;
Pinus cembra;;;;;;
Arbutus andrachne;;;;;;
Chamaecyparis lawsoniana;;;;;;
Sorbus domestica;;;;;;
Juniperus phoenicea;;;;;;
Celtis australis;;;;;;
Acer opalus;;;;;;
Acer tataricum;;;;;;
Vitex agnus-castus;;;;;;
Laburnum alpinum;;;;;;
Juniperus thurifera;;;;;;
Quercus frainetto;;;;;;
Quercus palustris;;;;;;
Ostrya carpinifolia;;;;;;
Sorbus chamaemespilus;;;;;;
Picea orientalis;;;;;;
Picea omorika;;;;;;
Pyrus cordata;;;;;;
Alnus cordata;;;;;;
Platanus orientalis;;;;;;
Cupressus sempervirens;;;;;;
Carpinus orientalis;;;;;;
Tamarix gallica;;;;;;
Abies pinsapo;;;;;;
Liquidambar orientalis;;;;;;
Fagus orientalis;;;;;;
Phoenix theophrasti;;;;;;
Acer hyrcanum;;;;;;
Juniperus foetidissima;;;;;;
Quercus infectoria;;;;;;
Abies nebrodensis;;;;;;
Quercus dalechampii;;;;;;
Quercus hartwissiana;;;;;;
Ulmus minor subsp. minor;;;;;;